{
  "nm": "Lottie Animation",
  "ddd": 0,
  "h": 800,
  "w": 800,
  "meta": {
    "g": "@lottiefiles/toolkit-js 0.33.2"
  },
  "layers": [
    {
      "ty": 4,
      "nm": "Shape Layer 3",
      "sr": 1,
      "st": 0,
      "op": 240.0000097754,
      "ip": 0,
      "hd": false,
      "ddd": 0,
      "bm": 0,
      "hasMask": false,
      "ao": 0,
      "ks": {
        "a": {
          "a": 0,
          "k": [
            -10,
            42,
            0
          ],
          "ix": 1
        },
        "s": {
          "a": 0,
          "k": [
            100,
            100,
            100
          ],
          "ix": 6
        },
        "sk": {
          "a": 0,
          "k": 0
        },
        "p": {
          "a": 0,
          "k": [
            400,
            400,
            0
          ],
          "ix": 2
        },
        "r": {
          "a": 0,
          "k": 0,
          "ix": 10
        },
        "sa": {
          "a": 0,
          "k": 0
        },
        "o": {
          "a": 0,
          "k": 100,
          "ix": 11
        }
      },
      "ef": [],
      "shapes": [
        {
          "ty": "gr",
          "bm": 0,
          "hd": false,
          "mn": "ADBE Vector Group",
          "nm": "Ellipse 1",
          "ix": 1,
          "cix": 2,
          "np": 3,
          "it": [
            {
              "ty": "el",
              "bm": 0,
              "hd": false,
              "mn": "ADBE Vector Shape - Ellipse",
              "nm": "Ellipse Path 1",
              "d": 1,
              "p": {
                "a": 0,
                "k": [
                  0,
                  0
                ],
                "ix": 3
              },
              "s": {
                "a": 0,
                "k": [
                  80,
                  80
                ],
                "ix": 2
              }
            },
            {
              "ty": "st",
              "bm": 0,
              "hd": false,
              "mn": "ADBE Vector Graphic - Stroke",
              "nm": "Stroke 1",
              "lc": 1,
              "lj": 1,
              "ml": 4,
              "o": {
                "a": 0,
                "k": 100,
                "ix": 4
              },
              "w": {
                "a": 0,
                "k": 0,
                "ix": 5
              },
              "c": {
                "a": 0,
                "k": [
                  0.3686,
                  0.9059,
                  0.8745
                ],
                "ix": 3
              }
            },
            {
              "ty": "fl",
              "bm": 0,
              "hd": false,
              "mn": "ADBE Vector Graphic - Fill",
              "nm": "Fill 1",
              "c": {
                "a": 0,
                "k": [
                  0.3686,
                  0.9059,
                  0.8745
                ],
                "ix": 4
              },
              "r": 1,
              "o": {
                "a": 0,
                "k": 100,
                "ix": 5
              }
            },
            {
              "ty": "tr",
              "a": {
                "a": 0,
                "k": [
                  0,
                  0
                ],
                "ix": 1
              },
              "s": {
                "a": 0,
                "k": [
                  100,
                  100
                ],
                "ix": 3
              },
              "sk": {
                "a": 0,
                "k": 0,
                "ix": 4
              },
              "p": {
                "a": 0,
                "k": [
                  -10,
                  42
                ],
                "ix": 2
              },
              "r": {
                "a": 0,
                "k": 0,
                "ix": 6
              },
              "sa": {
                "a": 0,
                "k": 0,
                "ix": 5
              },
              "o": {
                "a": 0,
                "k": 100,
                "ix": 7
              }
            }
          ]
        }
      ],
      "ind": 1
    },
    {
      "ty": 4,
      "nm": "Shape Layer 2",
      "sr": 1,
      "st": 0,
      "op": 240.0000097754,
      "ip": 0,
      "hd": false,
      "ddd": 0,
      "bm": 0,
      "hasMask": false,
      "ao": 0,
      "ks": {
        "a": {
          "a": 0,
          "k": [
            -142,
            6,
            0
          ],
          "ix": 1
        },
        "s": {
          "a": 1,
          "k": [
            {
              "o": {
                "x": 0.42,
                "y": 0
              },
              "i": {
                "x": 0.58,
                "y": 1
              },
              "s": [
                60,
                60,
                100
              ],
              "t": 0
            },
            {
              "o": {
                "x": 0.42,
                "y": 0
              },
              "i": {
                "x": 0.58,
                "y": 1
              },
              "s": [
                120,
                120,
                100
              ],
              "t": 30
            },
            {
              "o": {
                "x": 0.42,
                "y": 0
              },
              "i": {
                "x": 0.58,
                "y": 1
              },
              "s": [
                60,
                60,
                100
              ],
              "t": 60
            },
            {
              "o": {
                "x": 0.42,
                "y": 0
              },
              "i": {
                "x": 0.58,
                "y": 1
              },
              "s": [
                120,
                120,
                100
              ],
              "t": 90
            },
            {
              "o": {
                "x": 0.42,
                "y": 0
              },
              "i": {
                "x": 0.58,
                "y": 1
              },
              "s": [
                60,
                60,
                100
              ],
              "t": 120
            },
            {
              "o": {
                "x": 0.42,
                "y": 0
              },
              "i": {
                "x": 0.58,
                "y": 1
              },
              "s": [
                120,
                120,
                100
              ],
              "t": 150
            },
            {
              "o": {
                "x": 0.42,
                "y": 0
              },
              "i": {
                "x": 0.58,
                "y": 1
              },
              "s": [
                60,
                60,
                100
              ],
              "t": 180
            },
            {
              "o": {
                "x": 0.423,
                "y": 0
              },
              "i": {
                "x": 0.591,
                "y": 0.983
              },
              "s": [
                120,
                120,
                100
              ],
              "t": 210
            },
            {
              "o": {
                "x": 0.328,
                "y": -0.001
              },
              "i": {
                "x": 0.661,
                "y": 1
              },
              "s": [
                60,
                60,
                100
              ],
              "t": 239
            },
            {
              "s": [
                100,
                100,
                100
              ],
              "t": 240.0000097754
            }
          ],
          "ix": 6
        },
        "sk": {
          "a": 0,
          "k": 0
        },
        "p": {
          "a": 0,
          "k": [
            400,
            400,
            0
          ],
          "ix": 2
        },
        "r": {
          "a": 0,
          "k": 0,
          "ix": 10
        },
        "sa": {
          "a": 0,
          "k": 0
        },
        "o": {
          "a": 0,
          "k": 100,
          "ix": 11
        }
      },
      "ef": [],
      "shapes": [
        {
          "ty": "gr",
          "bm": 0,
          "hd": false,
          "mn": "ADBE Vector Group",
          "nm": "Ellipse 1",
          "ix": 1,
          "cix": 2,
          "np": 3,
          "it": [
            {
              "ty": "el",
              "bm": 0,
              "hd": false,
              "mn": "ADBE Vector Shape - Ellipse",
              "nm": "Ellipse Path 1",
              "d": 1,
              "p": {
                "a": 0,
                "k": [
                  0,
                  0
                ],
                "ix": 3
              },
              "s": {
                "a": 0,
                "k": [
                  328,
                  328
                ],
                "ix": 2
              }
            },
            {
              "ty": "st",
              "bm": 0,
              "hd": false,
              "mn": "ADBE Vector Graphic - Stroke",
              "nm": "Stroke 1",
              "lc": 1,
              "lj": 1,
              "ml": 4,
              "o": {
                "a": 0,
                "k": 100,
                "ix": 4
              },
              "w": {
                "a": 0,
                "k": 20,
                "ix": 5
              },
              "c": {
                "a": 0,
                "k": [
                  0.3686,
                  0.9059,
                  0.8745
                ],
                "ix": 3
              }
            },
            {
              "ty": "tr",
              "a": {
                "a": 0,
                "k": [
                  0,
                  0
                ],
                "ix": 1
              },
              "s": {
                "a": 0,
                "k": [
                  100,
                  100
                ],
                "ix": 3
              },
              "sk": {
                "a": 0,
                "k": 0,
                "ix": 4
              },
              "p": {
                "a": 0,
                "k": [
                  -142,
                  6
                ],
                "ix": 2
              },
              "r": {
                "a": 0,
                "k": 0,
                "ix": 6
              },
              "sa": {
                "a": 0,
                "k": 0,
                "ix": 5
              },
              "o": {
                "a": 0,
                "k": 100,
                "ix": 7
              }
            }
          ]
        }
      ],
      "ind": 2
    },
    {
      "ty": 4,
      "nm": "Shape Layer 1",
      "sr": 1,
      "st": 0,
      "op": 240.0000097754,
      "ip": 0,
      "hd": false,
      "ddd": 0,
      "bm": 0,
      "hasMask": false,
      "ao": 0,
      "ks": {
        "a": {
          "a": 0,
          "k": [
            -142,
            6,
            0
          ],
          "ix": 1
        },
        "s": {
          "a": 1,
          "k": [
            {
              "o": {
                "x": 0.42,
                "y": 0
              },
              "i": {
                "x": 0.58,
                "y": 1
              },
              "s": [
                100,
                100,
                100
              ],
              "t": 0
            },
            {
              "o": {
                "x": 0.42,
                "y": 0
              },
              "i": {
                "x": 0.58,
                "y": 1
              },
              "s": [
                120,
                120,
                100
              ],
              "t": 30
            },
            {
              "o": {
                "x": 0.42,
                "y": 0
              },
              "i": {
                "x": 0.58,
                "y": 1
              },
              "s": [
                100,
                100,
                100
              ],
              "t": 60
            },
            {
              "o": {
                "x": 0.42,
                "y": 0
              },
              "i": {
                "x": 0.58,
                "y": 1
              },
              "s": [
                120,
                120,
                100
              ],
              "t": 90
            },
            {
              "o": {
                "x": 0.42,
                "y": 0
              },
              "i": {
                "x": 0.58,
                "y": 1
              },
              "s": [
                100,
                100,
                100
              ],
              "t": 120
            },
            {
              "o": {
                "x": 0.42,
                "y": 0
              },
              "i": {
                "x": 0.58,
                "y": 1
              },
              "s": [
                120,
                120,
                100
              ],
              "t": 150
            },
            {
              "o": {
                "x": 0.42,
                "y": 0
              },
              "i": {
                "x": 0.58,
                "y": 1
              },
              "s": [
                100,
                100,
                100
              ],
              "t": 180
            },
            {
              "o": {
                "x": 0.42,
                "y": 0
              },
              "i": {
                "x": 0.58,
                "y": 1
              },
              "s": [
                120,
                120,
                100
              ],
              "t": 210
            },
            {
              "s": [
                100,
                100,
                100
              ],
              "t": 240.0000097754
            }
          ],
          "ix": 6
        },
        "sk": {
          "a": 0,
          "k": 0
        },
        "p": {
          "a": 0,
          "k": [
            400,
            400,
            0
          ],
          "ix": 2
        },
        "r": {
          "a": 0,
          "k": 0,
          "ix": 10
        },
        "sa": {
          "a": 0,
          "k": 0
        },
        "o": {
          "a": 0,
          "k": 100,
          "ix": 11
        }
      },
      "ef": [],
      "shapes": [
        {
          "ty": "gr",
          "bm": 0,
          "hd": false,
          "mn": "ADBE Vector Group",
          "nm": "Ellipse 1",
          "ix": 1,
          "cix": 2,
          "np": 3,
          "it": [
            {
              "ty": "el",
              "bm": 0,
              "hd": false,
              "mn": "ADBE Vector Shape - Ellipse",
              "nm": "Ellipse Path 1",
              "d": 1,
              "p": {
                "a": 0,
                "k": [
                  0,
                  0
                ],
                "ix": 3
              },
              "s": {
                "a": 0,
                "k": [
                  328,
                  328
                ],
                "ix": 2
              }
            },
            {
              "ty": "st",
              "bm": 0,
              "hd": false,
              "mn": "ADBE Vector Graphic - Stroke",
              "nm": "Stroke 1",
              "lc": 1,
              "lj": 1,
              "ml": 4,
              "o": {
                "a": 0,
                "k": 100,
                "ix": 4
              },
              "w": {
                "a": 0,
                "k": 20,
                "ix": 5
              },
              "c": {
                "a": 0,
                "k": [
                  0.3686,
                  0.9059,
                  0.8745
                ],
                "ix": 3
              }
            },
            {
              "ty": "tr",
              "a": {
                "a": 0,
                "k": [
                  0,
                  0
                ],
                "ix": 1
              },
              "s": {
                "a": 0,
                "k": [
                  100,
                  100
                ],
                "ix": 3
              },
              "sk": {
                "a": 0,
                "k": 0,
                "ix": 4
              },
              "p": {
                "a": 0,
                "k": [
                  -142,
                  6
                ],
                "ix": 2
              },
              "r": {
                "a": 0,
                "k": 0,
                "ix": 6
              },
              "sa": {
                "a": 0,
                "k": 0,
                "ix": 5
              },
              "o": {
                "a": 0,
                "k": 100,
                "ix": 7
              }
            }
          ]
        }
      ],
      "ind": 3
    },
    {
      "ty": 4,
      "nm": "path 4",
      "sr": 1,
      "st": 0,
      "op": 240.0000097754,
      "ip": 0,
      "hd": false,
      "ddd": 0,
      "bm": 0,
      "hasMask": false,
      "ao": 0,
      "ks": {
        "a": {
          "a": 0,
          "k": [
            0,
            0,
            0
          ],
          "ix": 1
        },
        "s": {
          "a": 0,
          "k": [
            100,
            100,
            100
          ],
          "ix": 6
        },
        "sk": {
          "a": 0,
          "k": 0
        },
        "p": {
          "a": 0,
          "k": [
            400,
            400,
            0
          ],
          "ix": 2
        },
        "r": {
          "a": 0,
          "k": -270,
          "ix": 10
        },
        "sa": {
          "a": 0,
          "k": 0
        },
        "o": {
          "a": 0,
          "k": 100,
          "ix": 11
        }
      },
      "ef": [],
      "shapes": [
        {
          "ty": "gr",
          "bm": 0,
          "hd": false,
          "mn": "ADBE Vector Group",
          "nm": "Shape 1",
          "ix": 1,
          "cix": 2,
          "np": 3,
          "it": [
            {
              "ty": "sh",
              "bm": 0,
              "hd": false,
              "mn": "ADBE Vector Shape - Group",
              "nm": "Path 1",
              "ix": 1,
              "d": 1,
              "ks": {
                "a": 0,
                "k": {
                  "c": false,
                  "i": [
                    [
                      0,
                      0
                    ],
                    [
                      0,
                      0
                    ],
                    [
                      0,
                      0
                    ],
                    [
                      0,
                      0
                    ],
                    [
                      0,
                      0
                    ],
                    [
                      0,
                      0
                    ]
                  ],
                  "o": [
                    [
                      0,
                      0
                    ],
                    [
                      0,
                      0
                    ],
                    [
                      0,
                      0
                    ],
                    [
                      0,
                      0
                    ],
                    [
                      0,
                      0
                    ],
                    [
                      0,
                      0
                    ]
                  ],
                  "v": [
                    [
                      -155,
                      -2
                    ],
                    [
                      -86,
                      -2
                    ],
                    [
                      1,
                      101
                    ],
                    [
                      5,
                      -105
                    ],
                    [
                      102,
                      13
                    ],
                    [
                      160,
                      13
                    ]
                  ]
                },
                "ix": 2
              }
            },
            {
              "ty": "st",
              "bm": 0,
              "hd": false,
              "mn": "ADBE Vector Graphic - Stroke",
              "nm": "Stroke 1",
              "lc": 1,
              "lj": 1,
              "ml": 4,
              "o": {
                "a": 0,
                "k": 100,
                "ix": 4
              },
              "w": {
                "a": 0,
                "k": 12,
                "ix": 5
              },
              "c": {
                "a": 0,
                "k": [
                  0.2275,
                  0.4824,
                  0.8353
                ],
                "ix": 3
              }
            },
            {
              "ty": "tr",
              "a": {
                "a": 0,
                "k": [
                  0,
                  0
                ],
                "ix": 1
              },
              "s": {
                "a": 0,
                "k": [
                  100,
                  100
                ],
                "ix": 3
              },
              "sk": {
                "a": 0,
                "k": 0,
                "ix": 4
              },
              "p": {
                "a": 0,
                "k": [
                  0,
                  0
                ],
                "ix": 2
              },
              "r": {
                "a": 0,
                "k": 0,
                "ix": 6
              },
              "sa": {
                "a": 0,
                "k": 0,
                "ix": 5
              },
              "o": {
                "a": 0,
                "k": 100,
                "ix": 7
              }
            }
          ]
        },
        {
          "ty": "tm",
          "bm": 0,
          "hd": false,
          "mn": "ADBE Vector Filter - Trim",
          "nm": "Trim Paths 1",
          "ix": 2,
          "e": {
            "a": 0,
            "k": 8,
            "ix": 2
          },
          "o": {
            "a": 1,
            "k": [
              {
                "o": {
                  "x": 0.167,
                  "y": 0.167
                },
                "i": {
                  "x": 0.833,
                  "y": 0.833
                },
                "s": [
                  0
                ],
                "t": 0
              },
              {
                "s": [
                  1440
                ],
                "t": 239.00000973467
              }
            ],
            "ix": 3
          },
          "s": {
            "a": 0,
            "k": 0,
            "ix": 1
          },
          "m": 1
        }
      ],
      "ind": 4
    },
    {
      "ty": 4,
      "nm": "path 3",
      "sr": 1,
      "st": 0,
      "op": 240.0000097754,
      "ip": 0,
      "hd": false,
      "ddd": 0,
      "bm": 0,
      "hasMask": false,
      "ao": 0,
      "ks": {
        "a": {
          "a": 0,
          "k": [
            0,
            0,
            0
          ],
          "ix": 1
        },
        "s": {
          "a": 0,
          "k": [
            100,
            100,
            100
          ],
          "ix": 6
        },
        "sk": {
          "a": 0,
          "k": 0
        },
        "p": {
          "a": 0,
          "k": [
            400,
            400,
            0
          ],
          "ix": 2
        },
        "r": {
          "a": 0,
          "k": -180,
          "ix": 10
        },
        "sa": {
          "a": 0,
          "k": 0
        },
        "o": {
          "a": 0,
          "k": 100,
          "ix": 11
        }
      },
      "ef": [],
      "shapes": [
        {
          "ty": "gr",
          "bm": 0,
          "hd": false,
          "mn": "ADBE Vector Group",
          "nm": "Shape 1",
          "ix": 1,
          "cix": 2,
          "np": 3,
          "it": [
            {
              "ty": "sh",
              "bm": 0,
              "hd": false,
              "mn": "ADBE Vector Shape - Group",
              "nm": "Path 1",
              "ix": 1,
              "d": 1,
              "ks": {
                "a": 0,
                "k": {
                  "c": false,
                  "i": [
                    [
                      0,
                      0
                    ],
                    [
                      0,
                      0
                    ],
                    [
                      0,
                      0
                    ],
                    [
                      0,
                      0
                    ],
                    [
                      0,
                      0
                    ],
                    [
                      0,
                      0
                    ]
                  ],
                  "o": [
                    [
                      0,
                      0
                    ],
                    [
                      0,
                      0
                    ],
                    [
                      0,
                      0
                    ],
                    [
                      0,
                      0
                    ],
                    [
                      0,
                      0
                    ],
                    [
                      0,
                      0
                    ]
                  ],
                  "v": [
                    [
                      -155,
                      -2
                    ],
                    [
                      -86,
                      -2
                    ],
                    [
                      1,
                      101
                    ],
                    [
                      5,
                      -105
                    ],
                    [
                      102,
                      13
                    ],
                    [
                      160,
                      13
                    ]
                  ]
                },
                "ix": 2
              }
            },
            {
              "ty": "st",
              "bm": 0,
              "hd": false,
              "mn": "ADBE Vector Graphic - Stroke",
              "nm": "Stroke 1",
              "lc": 1,
              "lj": 1,
              "ml": 4,
              "o": {
                "a": 0,
                "k": 100,
                "ix": 4
              },
              "w": {
                "a": 0,
                "k": 12,
                "ix": 5
              },
              "c": {
                "a": 0,
                "k": [
                  0.2275,
                  0.4824,
                  0.8353
                ],
                "ix": 3
              }
            },
            {
              "ty": "tr",
              "a": {
                "a": 0,
                "k": [
                  0,
                  0
                ],
                "ix": 1
              },
              "s": {
                "a": 0,
                "k": [
                  100,
                  100
                ],
                "ix": 3
              },
              "sk": {
                "a": 0,
                "k": 0,
                "ix": 4
              },
              "p": {
                "a": 0,
                "k": [
                  0,
                  0
                ],
                "ix": 2
              },
              "r": {
                "a": 0,
                "k": 0,
                "ix": 6
              },
              "sa": {
                "a": 0,
                "k": 0,
                "ix": 5
              },
              "o": {
                "a": 0,
                "k": 100,
                "ix": 7
              }
            }
          ]
        },
        {
          "ty": "tm",
          "bm": 0,
          "hd": false,
          "mn": "ADBE Vector Filter - Trim",
          "nm": "Trim Paths 1",
          "ix": 2,
          "e": {
            "a": 0,
            "k": 8,
            "ix": 2
          },
          "o": {
            "a": 1,
            "k": [
              {
                "o": {
                  "x": 0.167,
                  "y": 0.167
                },
                "i": {
                  "x": 0.833,
                  "y": 0.833
                },
                "s": [
                  0
                ],
                "t": 0
              },
              {
                "s": [
                  1440
                ],
                "t": 239.00000973467
              }
            ],
            "ix": 3
          },
          "s": {
            "a": 0,
            "k": 0,
            "ix": 1
          },
          "m": 1
        }
      ],
      "ind": 5
    },
    {
      "ty": 4,
      "nm": "path 2",
      "sr": 1,
      "st": 0,
      "op": 240.0000097754,
      "ip": 0,
      "hd": false,
      "ddd": 0,
      "bm": 0,
      "hasMask": false,
      "ao": 0,
      "ks": {
        "a": {
          "a": 0,
          "k": [
            0,
            0,
            0
          ],
          "ix": 1
        },
        "s": {
          "a": 0,
          "k": [
            100,
            100,
            100
          ],
          "ix": 6
        },
        "sk": {
          "a": 0,
          "k": 0
        },
        "p": {
          "a": 0,
          "k": [
            400,
            400,
            0
          ],
          "ix": 2
        },
        "r": {
          "a": 0,
          "k": -90,
          "ix": 10
        },
        "sa": {
          "a": 0,
          "k": 0
        },
        "o": {
          "a": 0,
          "k": 100,
          "ix": 11
        }
      },
      "ef": [],
      "shapes": [
        {
          "ty": "gr",
          "bm": 0,
          "hd": false,
          "mn": "ADBE Vector Group",
          "nm": "Shape 1",
          "ix": 1,
          "cix": 2,
          "np": 3,
          "it": [
            {
              "ty": "sh",
              "bm": 0,
              "hd": false,
              "mn": "ADBE Vector Shape - Group",
              "nm": "Path 1",
              "ix": 1,
              "d": 1,
              "ks": {
                "a": 0,
                "k": {
                  "c": false,
                  "i": [
                    [
                      0,
                      0
                    ],
                    [
                      0,
                      0
                    ],
                    [
                      0,
                      0
                    ],
                    [
                      0,
                      0
                    ],
                    [
                      0,
                      0
                    ],
                    [
                      0,
                      0
                    ]
                  ],
                  "o": [
                    [
                      0,
                      0
                    ],
                    [
                      0,
                      0
                    ],
                    [
                      0,
                      0
                    ],
                    [
                      0,
                      0
                    ],
                    [
                      0,
                      0
                    ],
                    [
                      0,
                      0
                    ]
                  ],
                  "v": [
                    [
                      -155,
                      -2
                    ],
                    [
                      -86,
                      -2
                    ],
                    [
                      1,
                      101
                    ],
                    [
                      5,
                      -105
                    ],
                    [
                      102,
                      13
                    ],
                    [
                      160,
                      13
                    ]
                  ]
                },
                "ix": 2
              }
            },
            {
              "ty": "st",
              "bm": 0,
              "hd": false,
              "mn": "ADBE Vector Graphic - Stroke",
              "nm": "Stroke 1",
              "lc": 1,
              "lj": 1,
              "ml": 4,
              "o": {
                "a": 0,
                "k": 100,
                "ix": 4
              },
              "w": {
                "a": 0,
                "k": 12,
                "ix": 5
              },
              "c": {
                "a": 0,
                "k": [
                  0.2275,
                  0.4824,
                  0.8353
                ],
                "ix": 3
              }
            },
            {
              "ty": "tr",
              "a": {
                "a": 0,
                "k": [
                  0,
                  0
                ],
                "ix": 1
              },
              "s": {
                "a": 0,
                "k": [
                  100,
                  100
                ],
                "ix": 3
              },
              "sk": {
                "a": 0,
                "k": 0,
                "ix": 4
              },
              "p": {
                "a": 0,
                "k": [
                  0,
                  0
                ],
                "ix": 2
              },
              "r": {
                "a": 0,
                "k": 0,
                "ix": 6
              },
              "sa": {
                "a": 0,
                "k": 0,
                "ix": 5
              },
              "o": {
                "a": 0,
                "k": 100,
                "ix": 7
              }
            }
          ]
        },
        {
          "ty": "tm",
          "bm": 0,
          "hd": false,
          "mn": "ADBE Vector Filter - Trim",
          "nm": "Trim Paths 1",
          "ix": 2,
          "e": {
            "a": 0,
            "k": 8,
            "ix": 2
          },
          "o": {
            "a": 1,
            "k": [
              {
                "o": {
                  "x": 0.167,
                  "y": 0.167
                },
                "i": {
                  "x": 0.833,
                  "y": 0.833
                },
                "s": [
                  0
                ],
                "t": 0
              },
              {
                "s": [
                  1440
                ],
                "t": 239.00000973467
              }
            ],
            "ix": 3
          },
          "s": {
            "a": 0,
            "k": 0,
            "ix": 1
          },
          "m": 1
        }
      ],
      "ind": 6
    },
    {
      "ty": 4,
      "nm": "path",
      "sr": 1,
      "st": 0,
      "op": 240.0000097754,
      "ip": 0,
      "hd": false,
      "ddd": 0,
      "bm": 0,
      "hasMask": false,
      "ao": 0,
      "ks": {
        "a": {
          "a": 0,
          "k": [
            0,
            0,
            0
          ],
          "ix": 1
        },
        "s": {
          "a": 0,
          "k": [
            100,
            100,
            100
          ],
          "ix": 6
        },
        "sk": {
          "a": 0,
          "k": 0
        },
        "p": {
          "a": 0,
          "k": [
            400,
            400,
            0
          ],
          "ix": 2
        },
        "r": {
          "a": 0,
          "k": 0,
          "ix": 10
        },
        "sa": {
          "a": 0,
          "k": 0
        },
        "o": {
          "a": 0,
          "k": 100,
          "ix": 11
        }
      },
      "ef": [],
      "shapes": [
        {
          "ty": "gr",
          "bm": 0,
          "hd": false,
          "mn": "ADBE Vector Group",
          "nm": "Shape 1",
          "ix": 1,
          "cix": 2,
          "np": 3,
          "it": [
            {
              "ty": "sh",
              "bm": 0,
              "hd": false,
              "mn": "ADBE Vector Shape - Group",
              "nm": "Path 1",
              "ix": 1,
              "d": 1,
              "ks": {
                "a": 0,
                "k": {
                  "c": false,
                  "i": [
                    [
                      0,
                      0
                    ],
                    [
                      0,
                      0
                    ],
                    [
                      0,
                      0
                    ],
                    [
                      0,
                      0
                    ],
                    [
                      0,
                      0
                    ],
                    [
                      0,
                      0
                    ]
                  ],
                  "o": [
                    [
                      0,
                      0
                    ],
                    [
                      0,
                      0
                    ],
                    [
                      0,
                      0
                    ],
                    [
                      0,
                      0
                    ],
                    [
                      0,
                      0
                    ],
                    [
                      0,
                      0
                    ]
                  ],
                  "v": [
                    [
                      -155,
                      -2
                    ],
                    [
                      -86,
                      -2
                    ],
                    [
                      1,
                      101
                    ],
                    [
                      5,
                      -105
                    ],
                    [
                      102,
                      13
                    ],
                    [
                      160,
                      13
                    ]
                  ]
                },
                "ix": 2
              }
            },
            {
              "ty": "st",
              "bm": 0,
              "hd": false,
              "mn": "ADBE Vector Graphic - Stroke",
              "nm": "Stroke 1",
              "lc": 1,
              "lj": 1,
              "ml": 4,
              "o": {
                "a": 0,
                "k": 100,
                "ix": 4
              },
              "w": {
                "a": 0,
                "k": 12,
                "ix": 5
              },
              "c": {
                "a": 0,
                "k": [
                  0.2275,
                  0.4824,
                  0.8353
                ],
                "ix": 3
              }
            },
            {
              "ty": "tr",
              "a": {
                "a": 0,
                "k": [
                  0,
                  0
                ],
                "ix": 1
              },
              "s": {
                "a": 0,
                "k": [
                  100,
                  100
                ],
                "ix": 3
              },
              "sk": {
                "a": 0,
                "k": 0,
                "ix": 4
              },
              "p": {
                "a": 0,
                "k": [
                  0,
                  0
                ],
                "ix": 2
              },
              "r": {
                "a": 0,
                "k": 0,
                "ix": 6
              },
              "sa": {
                "a": 0,
                "k": 0,
                "ix": 5
              },
              "o": {
                "a": 0,
                "k": 100,
                "ix": 7
              }
            }
          ]
        },
        {
          "ty": "tm",
          "bm": 0,
          "hd": false,
          "mn": "ADBE Vector Filter - Trim",
          "nm": "Trim Paths 1",
          "ix": 2,
          "e": {
            "a": 0,
            "k": 8,
            "ix": 2
          },
          "o": {
            "a": 1,
            "k": [
              {
                "o": {
                  "x": 0.167,
                  "y": 0.167
                },
                "i": {
                  "x": 0.833,
                  "y": 0.833
                },
                "s": [
                  0
                ],
                "t": 0
              },
              {
                "s": [
                  1440
                ],
                "t": 239.00000973467
              }
            ],
            "ix": 3
          },
          "s": {
            "a": 0,
            "k": 0,
            "ix": 1
          },
          "m": 1
        }
      ],
      "ind": 7
    }
  ],
  "v": "5.4.4",
  "fr": 29.9700012207031,
  "op": 240.0000097754,
  "ip": 0,
  "assets": []
}